TRAILER_TYPE,MARKET_RATE
Dry Van,1.9134482758620686
Reefer,2.3051724137931036
Flatbed,2.4089655172413798
